ko,en,ja,it,es
물속에 가라앉다.,Submerged in water.,水の中に沈む,Immerso nell'acqua.,Sumergido en el agua.
We'll meet again,We'll meet again,We'll meet again,Ci incontreremo di nuovo,Nos volveremos a encontrar
하늘이 보이는 곳,Skyscape,空が見える場所,Paesaggio celeste,Celestial
땅에 대한 기억,Memories of Land,陸地の記憶,Ricordi della terra,Recuerdos de la tierra
기습 공격,Surprise Attack,奇襲攻撃,Attacco a sorpresa,Ataque sorpresa
거대한 방주,Big Ark,巨大方舟,Grande arca,Gran arca
선택받은 자,The Chosen One,選ばれし者,Il prescelto,El elegido
펍 주인과의 약속,Promise with the Pub Owner,パブマスターとの約束,Promessa del proprietario del pub,Promesa con el dueño del bar
확인,Confirm,確認,Conferma,Confirmar
채집,Collect,採集,Raccogli,Coger
이동,Go,移動,Vai,Ir
올라가기,Go Up,上がる,Vai su,Subir
내려가기,Go Down,下りる,Vai giù,Bajar
획득,Obtain,獲得,Ottieni,Obtener
열기,Open,開ける,Apri,Abrir
수확,Harvest,収穫,Raccolto,Recolectar
수레,Cart,台車,Carrello,Carro
도착,Place here,到着,Posiziona qui,Poner aquí
투척,Throw,投擲,Getta,Lanzar
잡기,Grab,捕まえる,Prendi,Coger
숨기기,Hide,隠す,Nascondi,Ocultar
cctv,CCTV,防犯カメラ,Telecamera a circuito chiuso,CCTV
읽기,Read,読む,Leggi,Leer
대화하기,Talk,会話する,Parla,Hablar
상류층으로....,To the elites...,三流層に…,Verso le élite...,A las élites...
약,Medicine,薬,Medicina,Medicina
순간의 선택,In-the-Moment Decision,瞬間の選択,Decisione presa sul momento,Decisión al momento
독살,Poison,毒殺,Veleno,Veneno
잠수부,Diver,潜水士,Sommozzatore,Buceador
할아버지의 요청,Grandfather's Request,おじいさんの頼み,Richiesta del nonno,Petición del abuelo
관리자의 요구,Manager's Demand,管理者の要求,Richiesta del direttore,Exigencia del supervisor
알바의 시작,Beginning of a Part-Time Job,アルバイトの始まり,Inizio di un lavoro part time,Comienzo del trabajo a media jornada
펍 주인의 요구,Pub Owner's Demand,パブマスターの要求,Richiesta del proprietario del pub,Exigencia del dueño del pub
할아버지와 체스,Grandfather and Chess,おじいさんとチェス,Il nonno e gli scacchi,El abuelo y el ajedrez
뜻밖의 정전,Unexpected Outage,まさかの停電,Blackout inaspettato,Apagón inesperado
비밀번호,Password,暗証番号,Password,Contraseña
술값...,Liquor money...,飲み代…,Denaro liquoroso...,Dinero de alcohol
강철문 비밀번호,Steel Door Password,鋼鉄の扉の暗証番号,Password della porta d’acciaio,Contraseña Portón de acero
수확의 정석,The Art of Harvesting,収穫の定石,L'arte della raccolta,El arte de la recolección
정식농부 시험,Official Farmer Test,正式農民試験,Test di contadino ufficiale,Examen de maestro granjero
출입 카드,Access Card,アクセスカード,Scheda di accesso,Tarjeta de acceso
해조류 채집,Collect Seaweed,海藻採集,Raccogli le alghe,Recoger alga
위험한 선택,Dangerous Decision,危ない選択,Decisione pericolosa,Decisión peligrosa
마지막 열쇠,Last Key,最後の鍵,Ultima chiave,Última llave
이 사람을 농장으로,Bring this person to the farm,この人を農場に,Porta questa persona alla fattoria,Lleva a esta persona a la granja
제어의 시작,Start of Control,制御の始まり,Inizio del controllo,Comienzo del control
뜻밖의 고통,Unexpected Suffering,想定外の苦しみ,Sofferenza inaspettata,Sufrimiento inesperado
컴퓨터 수리공,Computer Repair Technician,コンピューター修理屋,Tecnico riparatore di computer,Técnico informático
출항 계획,Departure Schedule,出港計画,Orario di partenza,Horarios de salida
탈출의 시작,Star of the escape,脱出開始,Stella della fuga,Comienzo de la huida
잠수정 열쇠 획득,Obtain Submarine Key,潜水艇の鍵獲得,Ottieni la chiave del sottomarino,Obtener llave del submarino
라이터를 켜라,Light the lighter,ライターをつけろ,Accendi la fiamma dell'accendino,Encender el mechero
칵테일,Cocktail,カクテル,Cocktail,Cóctel
시체 운반,Move Dead Body,死体運搬,Sposta il cadavere,Mover cadáver
눈을 돌려라,Avert your eyes,目を回せ,Distogli lo sguardo,Desvía la mirada
학교로 가는길,The Way to School,学校にいく道,La strada per la scuola,Camino a la escuela
입구를 막아라,Block the entrance,入り口を塞げ,Blocca l'ingresso,Bloquear la entrada
모두를 잠재워라,Put everyone to sleep,全員眠らせろ,Addormenta tutti,Dormir a todos
가드 운반,Move Dead Security Guard,ガード運搬,Sposta la guardia di sicurezza morta,Mover el cadáver del guardia de seguridad
바닷속,Under the Sea,海の中,In fondo al mare,Bajo el mar
선착장,Dock,船着場,Molo,Muelle
숙소,Accommodation,寮,Alloggio,Dormitorios
배,Ship,船,Nave,Barco
해조류 작업장,Seaweed Workshop,海藻作業場,Magazzino di alghe,Granja de algas
환풍구,Air Vent,換気口,Condotto di aerazione,Conducto de ventilación
램프타운 창고,Lamp Town Warehouse,ランプタウン倉庫,Magazzino di Lamp Town,Almacén de Ciudad Farol
램프 타운,Lamp Town,ランプタウン,Lamp Town,Ciudad Farol
강철문,Steel Door,鋼鉄の扉,Porta d’acciaio,Portón de acero
철물점,Hardware Store,工具屋,Negozio di ferramenta,Tienda de electrónica
예배당,Chapel,礼拝堂,Cappella,Capilla
농장,Farm,農場,Fattoria,Granja
숙소,Accommodation,寮,Alloggio,Dormitorios
농기구 보관실,Farming Equipment Storage Room,農機具保管室,Ripostiglio per attrezzature agricole,Sala de máquinas: granja
농부 관리실,Farmer Management Office,農民管理室,Ufficio amministrativo del contadino,Despacho del jefe de la granja
과수원,Orchard,果樹園,Frutteto,Vergel
밭,Field,畑,Campo,Campo
창고,Warehouse,倉庫,Magazzino,Almacén
관리자 방,Manager's Room,管理者の部屋,Stanza del direttore,Oficina del supervisor
공장,Factory,工場,Fabbrica,Fábrica
병원,Hospital,病院,Ospedale,Hospital
기계실,Machinery Room,機械室,Sala macchine,Sala de máquinas
공장장방,Plant Manager's Room,工場長の部屋,Stanza del direttore della centrale,Oficina del supervisor de la plantación
휴게실,Lounge,休憩室,Sala,Estancia
메인 기계실,Main Machinery Room,メイン機械室,Sala macchine principale,Sala de máquinas central
발전실,Generator Room,発電室,Sala del generatore,Sala del generador
닻 관리실,Anchor Management Office,錨管理室,Ufficio amministrativo con l’ancora,Sala del ancla
잠수함실,Submarine Room,潜水艦室,Sala del sottomarino,Sala del submarino
심해,Deep Sea,深海,Mare profondo,Aguas profundas
비상구역,Emergency Zone,非常区域,Zona di emergenza,Sala de emergencia
보안 검색대,Security Check Point,セキュリティチェック,Checkpoint di sicurezza,Puesto de seguridad
파티장,Party Venue,パーティー会場,Locale per feste,Salón
수영장,Swimming Pool,プール,Piscina,Piscina
비밀감옥,Secret Prison,秘密監獄,Prigione segreta,Cárcel secreta
외벽,Outer Wall,外壁,Mura esterne,Muro exterior
통로,Path,通路,Percorso,Camino
주방,Kitchen,厨房,Cucina,Cocina
주거지역,Residential Area,住居地域,Area residenziale,Zona residencial
대학,University,大学,Università,Universidad
분수대,Fountain,噴水台,Fontana,Fuente
공원,Park,公園,Parco,Parque
기록실 복도,Record Library Corridor,記録室の廊下,Corridoio della libreria dei record,Grabar pasillo de la biblioteca
기록실,Record Library,記録室,Libreria dei record,Grabar biblioteca
조타실 복도,Wheelhouse Corridor,操舵室の廊下,Corridoio della timoneria,Pasillo del puente de mando
조타실,Wheelhouse,操舵室,Timoneria,Puente de mando
복도,Corridor,廊下,Corridoio,Pasillo
강철문,Steel Door,鋼鉄の扉,Porta d’acciaio,Portón de acero
지도자층 복도,Leader's Floor Corridor,指導者階の廊下,Corridoio del piano del comandante,Pasillo del piso del líder
지도자 방,Leader's Room,指導者の部屋,Stanza del comandante,Habitación del líder
대학 복도,University Corridor,大学の廊下,Corridoio dell’università,Pasillo de la universidad
교수실,Professor's Office,教授室,Ufficio del professore,Despacho del profesor
하수구,Drain,下水溝,Scarico,Desagüe
등대,Lighthouse,灯台,Faro,Faro
사다리,Ladder,はしご,Scala,Escalera
씨뿌리기 완료!,Seed sowing complete!,種まき完了！,Semina completata!,¡Plantación completada!
물 주기 완료!,Watering complete!,水やり完了！,Irrigazione completata!,¡Regado completado!
수확 완료!,Harvesting complete!,収穫完了！,Raccolta completata!,¡Recolección completada!
문단속,Lock Up,施錠,Blocca,Encerrar
인증 코드,Authentication Code,認証コード,Codice di autenticazione,Código de autenticación
배 수리,Repair ship,船の修理,Riparazione navale,Reparar barco
수레 배달,Cart Delivery,台車配達,Consegna del carrello,Entregar carretilla
숟가락,Spoon,スプーン,Cucchiaio,Cuchara
노끈,String,紐,Corda,Cuerda
고장난 부품,Broken Part,故障した部品,Pezzo rotto,Pieza rota
오류!,Error!,エラー！,Errore!,¡Error!
라디오,Radio,ラジオ,Radio,Radio
볼트,Bolt,ボルト,Bullone,Tornillo
해조류 쥬스,Seaweed Juice,海藻ジュース,Succo di alghe,Zumo de algas
고급 해조류,Premium Seaweed,高級海藻,Alghe premium,Alga de calidad
설탕,Sugar,砂糖,Zucchero,Azúcar
하늘 식초,Sky Vinegar,ソラ酢,Aceto del cielo,Vinagre célico
하늘 구경,Sky Watching,空見,Guardare il cielo,Observador
장사꾼,Merchant,商人,Mercante,Mercante
체스 말,Knight,チェスの駒,Cavallo,Caballo
구리 선,Copper Wire,銅線,Filo di rame,Cable de cobre
강철문 비밀번호,Steel Door Password,鋼鉄の扉の暗証番号,Password della porta d’acciaio,Contraseña Portón de acero
코인,Coin,コイン,Moneta,Moneda
과일,Fruit,果物,Frutto,Fruta
씨뿌리기,Sow Seeds,種まき,Semina,Sembrar semillas
물 주기,Give water x time(s),水やり,Irriga x volte,Veces a regar: x
수확하기,Harvest,収穫する,Raccolto,Recolectar
라이터,Lighter,ライター,Accendino,Mechero
창고 열쇠,Warehouse Key,倉庫の鍵,Chiave del magazzino,Llave del almacén
쇠지렛대,Crowbar,鉄製てこ,Piede di porco,Palanca
해조류 채집,Collect Seaweed,海藻採集,Raccogli le alghe,Recoger alga
불 지르기,Set Fire,火をつける,Appicca il fuoco,Incendiar
출입카드,Access Card,アクセスカード,Scheda di accesso,Tarjeta de acceso
이송,Transfer,移送,Trasferisci,Transferir
물건 20개 옮기기,Move 20,物を20個移す,Sposta 20,Mover 20
의사 모셔오기,Bring a doctor,医者を呼ぶ,Porta un dottore,Llamar a un médico
수리,Repair,修理,Ripara,Reparar
공장장과 대화,Conversation with the plant manager,工場長と会話,Conversazione con il direttore della centrale,Conversación con el supervisor de la plantación
닻 관리인과 대화,Talk to the Anchor Manager,錨管理人と会話,Parla con il responsabile dell’ancora,Habla con el supervisor del ancla
잠수함 열쇠,Submarine Key,潜水艦の鍵,Chiave del sottomarino,Llave del submarino
비상구역 활성화,Activate Emergency Zone,非常区域活性化,Attiva la zona di emergenza,Activar el estado de emergencia
수면제 획득,Obtain Sleeping Pill,睡眠剤獲得,Procurati una pillola di sonnifero,Obtener somnífero
음료수 획득,Obtain Beverage,ドリンク獲得,Procurati una bevanda,Obtener bebida
관리자 재우기,Put Manager to sleep,管理者を眠らせる,Addormenta il responsabile,Dormir al supervisor
잠수함 열쇠 획득!,You've got a Submarine Key!,潜水艦の鍵獲得！,Hai ottenuto una chiave del sottomarino!,¡Has obtenido: llave del submarino!
농부동료와 대화,Conversation with a farming coworker,農民同僚と会話,Conversazione con un collega della fattoria,Conversación con un compañero
알약 획득,Obtain Pill,錠剤獲得,Procurati la pillola,Obtener pastilla
관리자 간부,Executive Manager,管理者幹部,Direttore esecutivo,Jefe
농부동료,Farming Coworker,農民の同僚,Collega della fattoria,Compañero de granja
농부동료 독살,Poison Farming Coworker,農民の同僚毒殺,Avvelena il collega della fattoria,Envenenar al compañero
술에 약을 타기,Spike the drink,酒に薬を入れる,Correggi il drink,Adulterar la bebida
시체 옮기기,Move Dead Body,死体を移す,Sposta il cadavere,Mover cadáver
기록 삭제,Delete Recording,記録削除,Cancella la registrazione,Eliminar grabación
술에 수면제 타기,Mix the sleeping pill into the drink,酒に睡眠剤を入れる,Mescola la pillola di sonnifero nel drink,Mezclar el somnífero con la bebida
가드 옮기기,Move Dead Security Guard,ガードを移す,Sposta la guardia di sicurezza morta,Mover el cadáver del guardia de seguridad
공장 브로치 필요 !,You need a factory brooch!,工場のブローチ必要！,Hai bisogno di una spilla della fabbrica!,¡Necesitas un broche de fábrica!
비상구역 활성화 완료 !,Emergency Zone activation complete!,非常区域活性化完了！,Attivazione della zona di emergenza completata!,¡Estado de emergencia activado!
컴퓨터 수리 완료 !,Computer repair complete!,コンピューター修理完了！,Riparazione del computer completata!,¡Reparación del ordenador completada!
배 수리 완료 !,Ship repair complete!,船修理完了！,Riparazione della nave completata!,¡Reparación del barco completada!
관계자외 출입금지,Staff Only,関係者以外立ち入り禁止,Riservato al personale,Solo personal autorizado
수레 배달완료 !,Cart Delivery complete!,台車配達完了！,Consegna del carrello completata!,¡Carretilla entregada!
물뿌리개가 필요합니다.,You need a Watering Can.,じょうろが必要です。,Hai bisogno di un annaffiatoio.,Necesitas una regadera
레버 작동 완료 !,Lever activation complete!,レバー作動完了！,Attivazione della leva completata!,¡Palanca activada!
레버 수리 완료 !,Lever repair complete!,レバー修理完了！,Riparazione della leva completata!,¡Reparación de la palanca completa!
퀘스트 획득!,Quest obtained!,クエスト獲得！,Missione ottenuta!,¡Nueva misión!
제작 완료!,Crafting complete!,製作完了！,Forgiatura completata!,¡Creación completada!
숟가락 획득!,You got a Spoon!,スプーン獲得！,Hai ottenuto un cucchiaio!,¡Has obtenido: cuchara!
노끈 획득!,You got String!,紐獲得！,Hai ottenuto una corda!,¡Has obtenido: cuerda!
고장난 부품 획득!,You got a Broken Part!,故障した部品獲得！,Hai ottenuto un pezzo rotto!,¡Has obtenido: pieza rota!
오류!,Error!,エラー！,Errore!,¡Error!
해조류 쥬스 획득!,You got Seaweed Juice!,海藻ジュース獲得！,Hai ottenuto il succo di alghe!,¡Has obtenido: zumo de algas!
라디오 획득!,You got a Radio!,ラジオ獲得！,Hai ottenuto una radio!,¡Has obtenido: radio!
체스 말 획득!,You got a Knight!,チェスの駒獲得！,Hai ottenuto un cavallo!,¡Has obtenido: caballo!
볼트 획득!,You got a Bolt!,ボルト獲得！,Hai ottenuto un bullone!,¡Has obtenido: tornillo!
제조 실패 !,Failed!,製造失敗！,Hai fallito!,¡Fallo!
고급 해조류 획득!,You got Premium Seaweed!,高級海藻獲得！,Hai ottenuto le alghe premium!,¡Has obtenido: alga de calidad!
아직 이용할 수 없어.,You can't go there yet.,まだ使えない,Non puoi ancora andare lì.,No puedes ir todavía.
구리선 획득!,You got a Copper Wire!,銅線獲得！,Hai ottenuto un filo di rame!,¡Has obtenido: cable de cobre!
설탕 획득!,You got Sugar!,砂糖獲得！,Hai ottenuto lo zucchero!,¡Has obtenido: azúcar!
2코인 획득!,You got 2 Coins!,2コイン獲得！,Hai ottenuto 2 monete!,¡Has obtenido: 2 monedas!
제조 성공!,Success!,製造成功！,Ci sei riuscito!,¡Éxito!
편지 획득,You got a Letter,手紙獲得,Hai ottenuto una lettera!,Has obtenido: carta.
교인 신분증 획득!,You got a Devotee's ID!,信徒証明書獲得！,Hai ottenuto un identificativo di devoto!,¡Has obtenido: carné de devoto!
농부 브로치 획득!,You got a Farmer's Brooch!,農民のブローチ獲得！,Hai ottenuto una spilla di contadino!,¡Has obtenido: broche de granjero!
빨간 브로치 획득!,You got a Red Brooch!,赤いブローチ獲得！,Hai ottenuto una spilla rossa!,¡Has obtenido: broche rojo!
과일 획득!,You got fruit!,果物獲得！,Hai ottenuto un frutto!,¡Has obtenido: fruta!
물뿌리개 획득!,You got a Watering Can!,水やり獲得！,Hai ottenuto un annaffiatoio!,¡Has obtenido: regadera!
정식농부 자격 획득!,You got an Official Farmer Certificate! ,正式農民資格獲得！,Hai ottenuto un certificato di contadino ufficiale! ,¡Has obtenido: certificado de maestro granjero! 
라이터 획득!,You got a Lighter!,ライター獲得！,Hai ottenuto un accendino!,¡Has obtenido: mechero!
쇠지렛대 획득!,You got a Crowbar!,鉄製てこ獲得！,Hai ottenuto un piede di porco!,¡Has obtenido: palanca!
창고 열쇠 획득!,You got a Warehouse Key!,倉庫の鍵獲得！,Hai ottenuto una chiave del magazzino!,¡Has obtenido: llave del almacén!
지도 획득!,You got a Map!,地図獲得！,Hai ottenuto una mappa!,¡Has obtenido: mapa!
감시 중...,Watching...,監視中…,Guardando...,Observando...
출입카드 획득!,You got an Access Card!,アクセスカード獲得！,Hai ottenuto una scheda di accesso!,¡Has obtenido: tarjeta de acceso!
공장 브로치 획득!,You got a Factory Brooch!,工場のブローチ獲得！,Hai ottenuto una spilla della fabbrica!,¡Has obtenido: broche de fábrica!
퀘스트 획득!,You got a Quest!,クエスト獲得！,Hai ottenuto una missione!,¡Has obtenido: misión!
엔지니어 브로치 획득!,You got an Engineer's Brooch!,エンジニアのブローチ獲得！,Hai ottenuto una spilla di ingegnere!,¡Has obtenido: broche de ingeniero!
심박동기 고장 완료!,Pacemaker broken!,ペースメーカー故障完了！,Pacemaker rotto!,¡Monitor roto!
수면제 획득!,You got a Sleeping Pill!,睡眠剤獲得！,Hai ottenuto una pillola di sonnifero!,¡Has obtenido: somnífero!
음료수 획득!,You got a Beverage!,ドリンク獲得！,Hai ottenuto una bevanda!,¡Has obtenido: bebida!
음료수 제조 성공!,You've successfully made a beverage!,ドリンク作り成功！,Hai creato correttamente una bevanda!,¡Has creado una bebida!
잠재우기 완료!,Put to sleep complete!,眠らせ完了！,Missione addormenta completata!,¡A dormir completado!
잠수함 열쇠 획득!,You got a Submarine Key!,潜水艦の鍵獲得！,Hai ottenuto una chiave del sottomarino!,¡Has obtenido: llave del submarino!
하늘식초 획득!,You got a bottle of Sky Vinegar!,ソラ酢獲得！,Hai ottenuto una bottiglia di aceto del cielo!,¡Has obtenido: vinagre célico!
씨 뿌리기 완료!,Seed Sowing complete!,種まき完了！,Semina completata!,¡Plantación completada!
물 주기 완료!,Watering complete!,水やり完了！,Irrigazione completata!,¡Regado completado!
수확 완료!,Harvesting complete!,収穫完了！,Raccolta completata!,¡Recolección completada!
박스 옮기기 완료!,Box moving complete!,箱移し完了！,Spostamento di scatole completato!,¡Cajas completadas!
해조류 획득 !,You got Seaweed!,海藻獲得！,Hai ottenuto delle alghe!,¡Has obtenido: algas!
알약 획득 !,You got a Pill!,錠剤獲得！,Hai ottenuto una pillola!,¡Has obtenido: pastilla!
약 제조법 획득 !,You got a Drug Recipe!,薬製造法獲得！,Hai ottenuto una ricetta del farmaco!,¡Has obtenido: receta de droga!
관리자 관부와 함께 !,With the Executive Manager!,管理者幹部と一緒に！,Con il direttore esecutivo!,¡Con el jefe!
농부 동료와 함께 !,With a Fellow Farmer!,農民の同僚と一緒に！,Con un compagno contadino!,¡Con un compañero granjero!
독약 제조 성공 !,You've successfully made Poison!,毒薬製造成功！,Hai creato correttamente del veleno!,¡Has creado veneno!
독약 섞기 완료 !,You've mixed poison!,毒薬混合完了！,Hai mescolato il veleno!,¡Has mezclado el veneno!
시체 옮기기 완료 !,You've moved the Dead Body!,死体移し完了！,Hai spostato il corpo morto!,¡Has movido el cadáver!
기록 삭제 완료 !,You've deleted the Recording!,記録削除完了！,Hai cancellato la registrazione!,¡Has borrado la grabación!
인증코드 획득 !,You got the Authentication Code Book!,認証コード獲得！,Hai ottenuto il codice di autenticazione!,¡Has conseguido el libro de códigos!
문 막기 완료 !,You've blocked the door!,扉を塞いだ！,Hai bloccato la porta!,¡Has bloqueado la puerta!
수면제 타기 완료 !,You've spiked a drink!,睡眠剤投入完了！,Hai corretto il drink!,¡Has adulterado la bebida!
가드 숨기기 완료 !,You've hidden the Dead Security Guard!,ガード隠し完了！,Hai nascosto la guardia di sicurezza morta!,¡Has escondido el cadáver del guardia de seguridad!
갑자기 무슨 일이지??,What's happening?,急にどうしたんだ？？,Cosa sta succedendo?,¿Qué está pasando?
관리자의 부탁을 들어준다면 나에게 도움이 될까?,Would it benefit me if I do a favor for a manager?,管理者の頼みを聞いてあげたら僕のためにもなるのかな？,Mi sarebbe d’aiuto se facessi un favore al direttore?,¿Sacaré algo si le hago un favor al supervisor?
레버를 고치면 램프타운으로 갈 수 있을까?,Will I be able to go to Lamp Town if I repair the lever?,レバーを直せばランプタウンにいけるかな？,Potrò andare a Lamp Town dopo aver riparato la leva?,¿Podré ir hasta Ciudad Farol si arreglo la palanca?
배달이라고?? 이게뭐지....,A delivery?? What is this...,配達？？なんだこれは…,Una consegna?? Di cosa si tratta...,¿Una entrega? ¿Qué es...?
보통 x끼가 아님은 분명하다...,He's one hell of a guy for sure...,普通のやつでないことは確かだ…,È certamente un tipo in gamba...,Menudo tipo está hecho...
체스 말이 왜 필요할까???,Why do I need to get a Knight chess piece?,なぜチェスの駒が必要なんだ？？？,Perché devo prendere una pezzo cavallo degli scacchi?,¿Por qué necesito un caballo?
어둠으로 모든 것을 가릴 수는 없다.,Darkness can't hide everything.,暗闇では隠しきれない。,L'oscurità non può nascondere tutto.,La oscuridad no lo oculta todo.
교주는 어떤 사람이지? 스카이 타운은 도대체 뭐지?,What kind of person is this religious leader? What is Sky Town?,教祖はどんな人なんだろ？スカイタウンはいったいなんだ？,Che tipo di persona è questo leader religioso? Cos'è Sky Town?,¿Qué tipo de persona es este líder religioso? ¿Qué es Ciudad Célica?
월급도 안주면서 돈도 구해오라니...,He didn't even give me my paycheck and now he wants me to bring him money...?,給料もくれないくせに金の用意も頼まれるなんて…,Non mi ha nemmeno dato lo stipendio e ora pretende che gli porti dei soldi...?,No me ha pagado por el trabajo y encima quiere que le pague la bebida.
거꾸로 말한다고?? 무슨말이지?,He talks backwards?? Huh?,うん？反対のことを話す？？どういうこと？,Parla alla rovescia?? Eh?,"Habla al revés, ¿eh?"
사과는 맛있어 맛있으면 바나나?,"A red apple is yummy, yummy like a banana...?",赤いリンゴに～口びるよせて～,"Una mela rossa è golosa, golosa come una banana...?","La manzana roja es sabrosa, pero ¿sabrosa como la banana?"
농부가 되는 것도 나쁘지 않을지도?,Might not be that bad to become a farmer.,農民になることも悪くないのかな？,Potrebbe non essere così male diventare un contadino.,No es tan mala idea ser granjero.
불을 지르는 것이 최선의 선택일까?,Setting it on fire... Is that the best decision?,火をつけることがベストなのか？,Appiccare un incendio... Che sia la decisione migliore?,¿Seguro que incendiarlo es la mejor decisión?
5개만 채집하면 된다 이거지...,So I just need to collect five of them...,５つ採集すればいいんだよな…,Devo quindi solamente raccoglierne cinque...,Así que tengo que recoger cinco...
어쩔 수 없지 일단 저질러 보자.,I have no choice. Let's just do it.,仕方がない。とりあえずやっちゃおう。,Non ho scelta. Facciamolo e basta.,No tengo más opción. A ello.
출입카드만 구하면 위로 올라갈 수 있어!,I need an Access Card to go up!,アクセスカードさえあれば上に行ける！,Ho bisogno di una scheda di accesso per salire!,¡Necesito una tarjeta de acceso para subir!
이 사람은 또 누굴까?,Now who's this person?,この人は誰だ？,Chi è ora questa persona?,¿Quién es esta persona?
물건이 내려오는 타이밍이 중요하겠어....,Timing's gonna be important...,物が下りてくるタイミングが大事だな…,Il tempismo sarà importante...,Tiene que ser en el momento perfecto...
공장 입구에 병원이 있었던거 같아..,I think there was a hospital at the entrance of the factory...,工場の入り口に病院があった気がする…,Penso che ci fosse un ospedale all'ingresso della fabbrica...,Creo que había un hospital en la entrada de la fábrica.
내가 컴퓨터를 만질 수 있을까?,Will I be able to use this computer properly?,コンピューターを操作できるかな…,Sarò in grado di utilizzare questo computer nel modo giusto?,¿Sabré usar este ordenador?
탈출의 시작.... 일이 잘 마무리 되길,It's the beginning of the escape... I hope it all goes well.,脱出の始まり…うまくいきますように。,È l'inizio della fuga... Spero che tutto vada per il meglio.,El comienzo de la huida... Espero que vaya todo bien.
어디로든 우선 빠져나가보자...,Doesn't matter which way... Let's just get out of here first... ,どこでもいいからとりあえず抜け出してみよう…,Non importa da che parte... Usciamo prima da qui... ,Da igual qué camino coger con tal de salir de aquí... 
"비상구역을 활성화 하고, 열쇠도 찾아야 한다...",I need to activate the Emergency Zone and find the key as well...,非常区域を活性化させて、鍵も探さなければ…,Devo attivare l’area di emergenza e trovare anche la chiave...,Tengo que activar el estado de emergencia y encontrar la llave...
과수원에서부터 밭까지,From the orchard to the field,果樹園から畑まで,Dal frutteto al campo,Del vergel al campo
이곳의 끝은 어디일까....,I don't see an end to this place...,どこまで続いてる？…,Questo posto mi sembra non finire mai...,Este lugar no se acaba nunca.
약은 약사에게?!,Consult a pharmacist for medicine?!,医薬分業。お薬は薬剤師に？！,Consultare un farmacista per la medicina?!,¿Pedirle a un boticario medicinas?
삶과 죽음의 순간.,Moment of life and death.,生と死の瞬間,Momento di vita e di morte.,Momento de vida o muerte.
침묵은 금이 아니라 독이다.,"Silence isn't golden, it's poison.",沈黙は金じゃなくて毒なり。,"Il silenzio non è d'oro, è veleno.","El silencio no es oro, es veneno."
다 다치지는 않겠지?.....,"I-I'm not gonna get hurt, am I...?",け、怪我はしていないだろうな？…,"Non mi farò male, vero...?","No-no me van a herir, ¿verdad?"
다른 곳에도 CCTV가 있겠지?,I bet there are CCTV cameras everywhere else too.,他の場所にも防犯カメラはあるだろうな？,Scommetto che ci sono anche telecamere a circuito chiuso dappertutto.,Seguro que hay cámaras de seguridad en todas partes.
내가 나임을 인증하는 법.,Way to verify myself.,自分が自分であることを認証する方法,Un modo per mettermi alla prova.,Una forma de verificarme.
이 사람을 신뢰할 수 있을까?,Can I trust this person?,この人、信頼していいのか？,Posso fidarmi di questa persona?,¿Confío?
사람이 죽었어요.....사람이 죽었다 고요.,Someone's dead... DEAD!,人が死にました…人が死んだんですって…,Qualcuno è morto... MORTO!,¡Alguien ha muerto! ¡MUERTO!
"술에 물 탄 듯, 술에 약 탄 듯....","Slightly watered down, slightly bitter…",優柔不断だ……,"Leggermente annacquato, leggermente amaro...",Un poco aguado y amargo...
설마 죽은 건 아니겠지??,"He didn't die, did he??",まさか死んでないよな？？？,"Non è morto, vero??","No ha muerto, ¿verdad?"
제발...,Please...,お願い…,Per favore...,Por favor...
목숨만...,Let me live...,命だけは…,Lasciami vivere...,Quiero vivir...
흑흑...,*Sob sob*,しくしく…,*Sob sob*,*snif*
개새끼들..,Bastards...,クッソ…,Bastardi...,Cabrones...
살려주세요...,Spare my life...,助けてください…,Risparmiami la vita...,Dejadme vivir...
목숨만...,Please let me live...,命だけは…,"Ti prego, lasciami vivere...","Por favor, dejadme vivir..."
흑흑...,*Sob sob*,しくしく…,*Sob sob*,*snif*
가족이 있어요..,I have a family...,家族がいるんです…,Ho famiglia...,Tengo familia...
바닷속으로…,Into the deep ocean...,海の中へ…,Nell'oceano profondo...,En aguas profundas...
사고,Accident,事故,Incidente,Accidente
멀고 먼 여행,Far Journey,遠い旅路,Viaggio lontano,Lejanía
별과 해가 만나는 시간,When the Sun Meets the Stars,星と太陽が重なり合う時間,Quando il sole incontra le stelle,Donde el sol se une a las estrellas
첫 번째 아침,The First Morning,初日の朝,La prima mattina,La primera mañana
두 번째 아침,The Second Morning,二日目の朝,La seconda mattina,La segunda mañana
몇 달 후,Months Later,数カ月後,Mesi dopo,Meses después
여정의 시작,Start of a Journey,旅の始まり,Inizio di un viaggio,Comienzo del viaje
램프타운 창고,Lamp Town's Warehouse,ランプタウン倉庫,Magazzino di Lamp Town,Almacén de Ciudad Farol
램프타운으로,To Lamp Town,ランプタウンへ,Verso Lamp Town,A Ciudad Farol
시간이 지나고,As Time Goes By,時が経ち…,Con il passare del tempo,Con el paso del tiempo
[램프 타운],[Lamp Town],[ランプタウン],[Lamp Town],[Ciudad Farol]
철물점,Hardware Store,工具屋,Negozio di ferramenta,Tienda de electrónica
강철문으로,To the Steel Door,鋼鉄の扉へ,Verso la porta d'acciaio,Al portón de acero
일로만난사이,Business Ties,仕事上のお付き合い,Legami d'affari,Compromiso laboral
적응과 진화,Adjusting and Revolution,適応と進化,Regolazione e rivoluzione,Ajuste y revolución
종교적 정치와 정치적 종교,Religious Politics and Political Religion,宗教的政治と政治的宗教,Politica religiosa e religione politica,Política religiosa y religión política
술은 행복한 자에게만 달콤하다.,Wine is only sweet to happy men.,酒は幸せ者にしか甘くない。,Il vino è dolce solo per coloro che sono felici.,El vino solo le sabe dulce a los felices.
빚을 지는 것은 노예가 되는 것이다.,A man in debt is so far a slave.,借りを作ることは奴隷になること。,Un uomo indebitato è come uno schiavo.,Un hombre que debe un favor es un esclavo.
강 철 문,STEEL DOOR,鋼鉄の扉,PORTA D’ACCIAIO,PORTÓN DE ACERO
[농장],[Farm],[農場],[Fattoria],[Granja]
모든 위기에서 기회를 본다.,A crisis can be an opportunity.,あらゆる危機からチャンスを覗く。,Una crisi può tramutarsi in un'opportunità.,Una crisis puede convertirse en una oportunidad.
비록 농기구가 있어도 때를 기다림만 같지 못하다.,Everything on earth has its own time and its own season.,地球上にあるすべては自らの時間と四季を持つ。,Ogni cosa sulla terra ha il suo momento e la sua stagione.,Todo tiene su tiempo y su lugar.
주어진 일을 바르게,Do the job right.,与えられた仕事をきちんと,Svolgi il lavoro per bene.,Haz bien el trabajo.
인내는 일을 받쳐주는 자본이다.,All human power is a compound of time and patience.,忍耐は仕事を支える一種の資本である。,Tutto il potere dell’uomo si basa sul tempo e sulla pazienza.,El poder es una mezcla de tiempo y paciencia.
손은 갈수록 좋고 비는 올수록 좋다.,Do not wear out your welcome.,客は帰っていくほどよく. 雨は降るほどよい。,Non abusare dell’accoglienza ricevuta.,No te acomodes.
"서두르지 않고, 그러나 쉬지도 않고.","Don't hurry, don't rest.",急がず、休まず。,"Nessuna fretta, ma nessun riposo.","Sin prisa, pero sin pausa."
올바른 일,The right thing to do,正しいこと,La cosa giusta da fare,Lo correcto
"의식적, 그리고 무의식적 선택",Conscious and Unconscious Decisions,意識的、そして無意識的な選択,Decisioni consapevoli e inconsapevoli,Decisiones conscientes e inconscientes
첫 마음 그대로,Don't forget where you started,初心忘るべからず,Non dimenticare da dove sei partito,No te olvides de tus comienzos
버티는 게 이기는 것이다.,Perseverance is key to winning.,耐える者が勝利する。,La perseveranza è la chiave del successo.,La perseverancia es la clave
강하고 담대하라,Stay strong and be bold,強く、雄々しくあれ,Sii forte e sii audace,Fuerza y valentía
별을 노래하는 마음,A heart singing of stars,星を歌う心,Un cuore che canta le stelle,El canto de las estrellas
마음의 휴식,Relaxation of the mind,心の暇,Rilassamento della mente,Mente relajada
판을 뒤집는 시대,Era of Turning Tables,大変化の時代,Tempo di cambiare le carte in tavola,Época de cambios
공존을 대체할 유일한 것은 공멸이다.,The only alternative to coexistence is codestruction.,共存の唯一の代替は共に滅びることだ。,La sola alternativa alla coesistenza è la codistruzione.,La única alternativa a la coexistencia es la codestrucción.
조금씩 나아가다,One step at a time,一歩ずつ前進する,Un passo alla volta,Poco a poco
불러드리는 방법,Way to bring them in,呼び入れる方法,Modo per portarli dentro,Llamar su atención
마음속 사랑을 바람에 실어 당신에게,I send my love to you on the wind,心の中の愛を風に乗せてあなたへ,Ti mando il mio amore attraverso il vento,¡Te envío mi amor con el viento!
[별이 빛나는 밤],[Starry Night],[星の輝く夜],[Notte stellata],[Noche estrellada]
사랑은 사람을 치료한다.,Love heals!,愛は人を治療する,L'amore cura!,¡El amor lo cura todo!
시간이 흐르고...,Time passes...,時は流れ…,Il tempo scorre...,Con el tiempo...
노력해도 따라잡을 수 없다.,You can't catch up no matter how hard you try.,努力しても追いつかない。,"Non importa quanto ci provi, non riuscirai a tenere il passo.",No puedes conseguirlo ni aunque lo intentes.
운명에는 우연이 없다.,Destiny is not a coincidence.,運命に偶然はない。,Il destino non è una coincidenza.,El destino no es una serie de coincidencias.
살면서 죽음을 기억하라.,Remember you must die.,生きながらにしての死,Ricordati che devi morire.,Recuerda que tienes que morir.
잊혀지지 않는 자는 죽은 것이 아니다.,He who is not forgotten is not dead.,死者は人々の記憶の中に生きる。,Chi non è dimenticato non è morto.,"A quien no se olvida, no muere."
돛 단 배,Sailboat,帆船,Barca a vela,Bote
삶이 있는 한 희망은 있다.,"While there's life, there's hope.",残りの人生がある限り希望はある。,Finché c'è vita c'è speranza.,"Si hay vida, hay esperanza."
신념을 가진 자가 승리한다.,One who has faith succeeds.,信念を持つ者こそが勝利する。,Colui che ha fede ha successo.,Aquel con fe prevalecerá.
사람은 변하기 마련이다. 기억은 그렇지 않다.,"People are bound to change, but memories aren't.",人は変わっても記憶は変わらない。,"Le persone sono destinate a cambiare, ma i ricordi no.","La gente cambia, los recuerdos no."
고통을 주지 않는 것은 쾌락도 주지 않는다.,"Without pain, there is no joy.",苦しみなくして幸せなし,Senza dolore non c'è gioia.,Sin dolor no se aprecia la felicidad.
쉼표와 마침표.,Comma and period.,カンマとピリオド,Virgola e punto.,Y punto.
버텨라 그리고 꼭 이겨라...,Persevere and win at all costs...,耐えろ。そして必ず勝て…,Persevera e vinci a tutti i costi...,Paciencia y gana cueste lo que cueste...
구름 뒤에서도,Behind the clouds,雲の裏でも,Dietro le nubi,Tras las nubes
마지막 열쇠,Last Key,最後の鍵,Ultima chiave,Última llave
평범하기보다는 유별나게,Be peculiar rather than average,平凡であるよりは変わり者で,Sii particolare piuttosto che ordinario,Mejor destacar que seguir al rebaño.
유별나기보다는 각별하게,Be exceptional rather than peculiar,変わり者であるよりは格別で,Sii eccezionale piuttosto che particolare,Mejor destacar que seguir al rebaño.
각별하기보다는 특별하게,Be special rather than exceptional,格別であるよりは特別で,Sii speciale piuttosto che eccezionale,Mejor destacar que seguir al rebaño.
특별하기보다는 비범하게,Be extraordinary rather than special,特別であるよりは非凡に,Sii straordinario piuttosto che speciale,Mejor destacar que seguir al rebaño.
"비범하기보다는 나답게""",Be yourself rather than extraordinary,非凡であるよりは自分らしく,Sii te stesso piuttosto che straordinario,Sé tú y no uno más.
'왜' 대신 '무엇'이라고 물어라,Question 'What' instead of 'Why',「なぜ」ではなく、「何」と聞け,"Domanda ""Cosa"" invece di ""Perché""","Pregunta ""¿qué?"" en vez de ""¿por qué?"""
"인생,지혜,생각의 전환","Change of life, wisdom, thoughts",人生、知恵、考えの切り替え,"Cambio di vita, saggezza, pensieri","Cambio de vida, sabiduría y pensamientos"
그 책이 어디 있는지 나도 모른다.,I don't know where that book is.,その本がどこにあるかは僕にも分からない。,Non so dove sia quel libro.,No sé dónde está el libro.
행복은 장소가 아니라 방향이다.,"Happiness is not about where you are, it's about which direction you're headed.",幸せは場所ではなく方向である。,"La felicità non è questione di dove ti trovi, ma in quale direzione stai andando.","La felicidad no se basa en donde estés, sino en a dónde te diriges."
또 다른 시작,Another beginning,新しい始まり,Un altro inizio,Otro comienzo
시작과 끝,Beginning and end,始まりと終わり,L’inizio e la fine,Comienzo y final
인증코드 책,Authentication Code Book,認証コードの本,Libro del codice di autenticazione,Libro de códigos de autenticación
정식농부 자격증,Official Farmer Certificate,正式農民資格証,Certificato di contadino ufficiale,Certificado de maestro granjero
숟가락,Spoon,スプーン,Cucchiaio,Cuchara
노끈,String,紐,Corda,Cuerda
고장난 부품,Broken Part,故障した部品,Pezzo rotto,Pieza rota
편지,Letter,手紙,Lettera,Carta
교인 신분증,Devotee's ID,信徒証明書,Identificativo di devoto,Carné de devoto
농부 신분증,Farmer's ID,農民身分証,Identificativo di contadino,Carné de granjero
빨강 브로치,Red Brooch,赤いブローチ,Spilla rossa,Broche rojo
물뿌리개,Watering Can,じょうろ,Annaffiatoio,Regadera
지도,Map,地図,Mappa,Mapa
출입 카드,Access Card,アクセスカード,Scheda di accesso,Tarjeta de acceso
공장 브로치,Factory Brooch,工場のブローチ,Spilla della fabbrica,Broche de fábrica
엔지니어 브로치,Engineer Brooch,エンジニアのブローチ,Spilla di ingegnere,Broche de ingeniero
쥬스,Juice,ジュース,Succo,Zumo
수면제,Sleeping Pill,睡眠剤,Pillola di sonnifero,Somnífero
잠수함 열쇠,Submarine Key,潜水艦の鍵,Chiave del sottomarino,Llave del submarino
수면제 음료수,Sleeping Pill Drink,睡眠剤ドリンク,Bevanda con sonnifero,Bebida con somnífero
알약,Pill,錠剤,Pillola,Pastilla
약 제조법,Drug Recipe,薬の製造方法,Ricetta del farmaco,Receta de droga
정식 농부만이 가질 수 있는 자격증.,A certificate only official farmers can get.,正式農民だけが持っている資格証,Un certificato che solo i contadini ufficiali possono ottenere.,Un certificado para los maestros granjeros.
숟가락으로 무엇을 할 수 있지?,What can you do with a spoon?,スプーンで何ができるんだ？,Cosa puoi fare con un cucchiaio?,¿Qué se puede hacer con una cuchara?
노인의 부탁,Elder's Request,老人の頼み,Richiesta dell'anziano,Petición del anciano
무언가 고칠 수 있을 것 같아,I think I might be able to fix something.,何かが直せそう,Penso che potrei riuscire ad aggiustare qualcosa.,Creo que puedo arreglar algo.
펍주인이 아들에게 주는 편지,A letter from the pub owner to his son,パブマスターが息子に渡す手紙,Una lettera del proprietario del pub a suo figlio,Una carta del dueño del bar para su hijo.
교인임을 증명하는 증명서,Certificate that proves one is religious,信徒であることを証明する証明書,Certificato che dimostra l’essere religiosi,Prueba de que alguien es religioso.
농장에서 없으면 안되는 신분증,ID you must have in the farm,農場ではなくてはならない身分証,Identificativo che devi avere nella fattoria,Llévalo siempre en la granja.
"빨간색 브로치, 무슨 용도로 사용되는지는 알 수 없다.",Red brooch. Usage unknown.,赤いブローチ。使い道は分からない。,Spilla rossa. Utilizzo sconosciuto.,Uso desconocido.
농작물을 키우기 위한 물뿌리개,Watering Can used for growing crops,農作物を育てるためのじょうろ,Annaffiatoio utilizzato per far crescere i raccolti,Para regar las plantas.
강철문 출입카드,Steel Door Access Card,鋼鉄の扉のアクセスカード,Scheda di accesso per la porta d’acciaio,Tarjeta de acceso
공장 출입 브로치,Factory Access Brooch,工場アクセスブローチ,Spilla per l’accesso alla fabbrica,Broche de acceso: fábrica
엔지니어실 출입 브로치,Engineering Room Access Brooch,エンジニア室アクセスブローチ,Spilla per l’accesso alla sala di ingegneria,Broche de acceso: sala de máquinas
수면제를 탄 음료수,Sleeping Pill Drink,睡眠剤を入れたドリンク,Bevanda con sonnifero,Bebida con somnífero
일반 음료수,Normal Beverage,普通のドリンク,Bevanda normale,Bebida normal
수면제를 어디에 섞으면 유용할듯하다,It might help to drop this sleeping pill into some liquid...,睡眠剤をどこかに混ぜたら使えそう,Potrebbe essere utile mettere questa pillola di sonnifero in un liquido...,¿Y si se lo pones a una bebida?
잠수함 열쇠,Submarine Key,潜水艦の鍵,Chiave del sottomarino,Llave del submarino
흔히 볼 수 없는 약,Rare Medicine,滅多に見ることのできない薬,Medicina rara,Medicina extraña
너무 힘들어!,I'm exhausted!,つらすぎる！,Sono esausto!,¡Qué cansancio!
빨리 정식농부가...,I've got to become an official farmer soon...,早く正式農民に…,Devo diventare in fretta un contadino ufficiale...,Tengo que convertirme en un maestro granjero pronto...
언제 돈을 벌지,When will I get to earn money,いつ稼げるようになるんだ,Quando riuscirò a guadagnare denaro,¿Cuándo conseguiré dinero?
오늘 TV봤어?,Did you watch TV today?,今日テレビ見た？,Hai guardato la TV oggi?,¿Has visto la televisión hoy?
커피한잔 먹고하자,Let's grab some coffee first.,コーヒー一杯飲んでからにしよう。,Prendiamo prima un caffè.,Primero necesito un café.
얌전히 잡혀가면@목숨은 살려주지,"If you do as you're told,@I'll spare your life",大人しくしてくれれば@命だけは助けてやるぞ,"Se fai come ti è stato detto,@ti risparmierò la vita","Si haces lo que se te ordena,@te perdonaré la vida."
너넨 누구냐!@어떻게 선,Who are you?!@How did you come here!,誰だお前らは！@何をしにきた！？,Chi sei?!@Come sei arrivato qui!,¿Quién eres?@¡Cómo has llegado aquí?
살고 싶은 생각이@없는 노인네구만,He couldn't care@less about his life,命が惜しくないのか？＠老人よ,Non poteva fregarsene@di meno della sua vita,Su vida@le importa poco.
무슨 일이야,What's wrong?,どうした？,Cosa c'è che non va?,¿Qué ocurre?
불이야!!,FIRE!!,火事だ！！,UN INCENDIO!!,¡Fuego!
창고에 불이!,The warehouse caught on fire!,倉庫に火が！,Il magazzino ha preso fuoco!,¡El almacén está en llamas!
어서가자,Let's go,急げ,Andiamo,Vamos.
후.......,*Sigh*,ふぅ……,*Sigh*,Ay...
어떻게 된거지?,What's happening?,いったいどうなってるんだ？,Cosa sta succedendo?,¿Qué está pasando?
불이나다니,A fire?,火事だなんて,Un incendio?,¿Un incendio?
안에 누가 있나?,Is someone in there?,中に誰かいるのか？,C'è qualcuno lì dentro?,¿Hay alguien dentro?
큰일이네,This is not good,大変だ,Questo non va bene,No pinta bien.
[ 선착장 ] 에서 여정을 시작 합니다.,Your journey begins on the [Dock].,[船着場]で旅程を開始します。,Il tuo viaggio inizia sul [Molo].,Tu viaje comienza en el [muelle].
[ 해조류 수확장 ] 에서 여정을 시작 합니다.,Your journey begins at the [Seaweed Harvesting Site].,[海藻収穫場]で旅程を開始します。,Il tuo viaggio inizia al [Sito di raccolta delle alghe].,Tu viaje comienza en la [granja de algas].
[ 램프타운 ] 에서 여정을 시작 합니다.,Your journey begins in [Lamp Town].,[ランプタウン]で旅程を開始します。,Il tuo viaggio inizia a [Lamp Town].,Tu viaje comienza en [Ciudad Farol].
[ 농장 ] 에서 여정을 시작 합니다.,Your journey begins on the [Farm].,[農場]で旅程を開始します。,Il tuo viaggio inizia nella [Fattoria].,Tu viaje comienza en la [granja].
[ 공장 ] 에서 여정을 시작 합니다.,Your journey begins in the [Factory].,[工場]で旅程を開始します。,Il tuo viaggio inizia nella [Fabbrica].,Tu viaje comienza en la [fábrica].
선택이 필요 합니다.,You need to make a choice. ,選択が必要です。,Devi fare una scelta. ,Toma una decisión. 
으....으...윽...,*Moan*,うぅ…う…うっ…,*Gemito*,Aaaay...
이.... 배신...자....,You... Traitor...,コノ…ウラギリ…モノ…,Tu... Traditore...,Traidor...
표정이 왜 이렇게 썩어있어!!,Why so serious?!,なんて表情してんだ！,Perché sei così serio?!,¿Y ese semblante serio?
거기 서라!!,Stop right there!!,待て！！,Fermati là!!,¡Quiero ahí!
에잇 시팔!,What the...!,クッソー！,Cosa...!,Pero ¿qué...?
지겨워 죽겠네,I'm so sick of this,たいくつだなぁ,Sono davvero stufo di ciò,No lo aguanto más.
이게 다 뭐야,What is all this?,なんだこれは,Cos'è tutto questo?,¿Qué es todo esto?
어디서 냄새가....,I smell something...,なんだか匂いが…,Sento odore di qualcosa...,¿A qué huele?
밑에 보단 나아,It's better here than downstairs,下よりはマシ,È meglio qui che sotto,Aquí se está mejor que abajo.
그러다 큰일 나,You're asking for trouble,いずれひどい目にあうから,Stai chiedendo guai,Te la estás ganando...
젠장!,Damn it!,チクショウ！,Dannazione!,¡Mierda!
퇴근이나 하자,Let's just get off work,帰ろうぜ。,Stacchiamo dal lavoro,Basta de trabajo por hoy.
미치겠네...,It's driving me crazy...,やべぇよ…,Mi sta facendo impazzire...,No lo aguanto más...
으아아아아아아아!,AHHHHHHH!!!,くああああああああああ！,AHHHHHHH!!!,¡Aaaaaaah!
술 더 가져와!,Bring me more alcohol!,酒をもっと持ってこい！,Portami più alcol!,¡Tráeme más alcohol!
난 천재다!,I'm a genius!,俺は天才だ！,Sono un genio!,¡Esto es talento!
내가 누군지알어?!,Do you even know who I am?!,俺をなめてんのか？！,Sai almeno chi sono?!,¡¿Sabes quién soy!?
나가 마!,Get out!,出ていけ！,Via di qua!,¡Fuera!
으악!,Aaahh!,うわっ！,Aaahh!,¡Aaaah!
왜이래요!,Get your hands off me!,やめてください！,Toglimi le mani di dosso!,¡Quítame las manos de encima!
알겠다구요!,Fine! Okay!,分かりましたよ！,D'accordo! Va bene!,"¡Vale, bien!"
또 난리구만!,Not again!,騒がしい！,Non di nuovo!,¡Otra vez no!
멍청한놈!,What an idiot!,バカなやつ！,Che idiota!,¡Será idiota!
어서가!,Hurry up and go!,さっさといけ！,Sbrigati e vai!,¡Vete rápido!
몰래 하나 먹어야지,They won't notice if I eat this,こっそり一つ食べようと。,Non si accorgeranno se lo mangio,No se darán cuenta
읏챠 읏챠,*Oomph oomph*,よいしょよいしょ,"*Oh issa, oh issa*","Ñam, ñam."
아이고 허리야,"Ouch, my back hurts.",腰が痛むな,"Ahia, mi fa male la schiena.",Me duele la espalda.
오늘도 야근이야 짜증나,I need to work overtime today again.@Gosh.,今日も夜勤がよ。チッ。,Devo fare di nuovo gli straordinari oggi.@Diamine.,Tengo que echar más horas hoy también.@Joder.
야근은 우리 생활이야,Working overtime is just a part of our life.,夜勤手当込みの給料だぜ。,Fare gli straordinari è solo una parte della nostra vita.,No hacemos otra cosa que echar más horas.
안보여! 비켜!,I can't see! MOVE!,見えないぞ！どけ！,Non riesco a vedere! SPOSTATI!,"¡No veo, muévete!"
또 또 또 버그야?!,A bug? AGAIN?!,またまたまたバグ？！,Un insetto? ANCORA?!,¡¿Otro error?!
오늘 파티장 물 좋네~,This party is the bomb!,盛り上がってるね～。パーティー会場,Questa festa è una bomba!,¡Esta fiesta es la bomba!
치얼스!,Cheers!,乾杯！,Saluti!,¡Salud!
내몸 좋지? 너도 열심히 운동해라,See these abs?@You should work out as well.,いい体してんだろ？君も筋トレしろよ～。,Vedi questi addominali?@Dovresti allenarti anche tu.,¿Ves estos abdominales?@Haz ejercicio y tú también los tendrás.
히히히 아무것도 안 실으니 너무 가벼워,Hehehe. It's so light without anything in it.,ひっひっひっ 何も入れてないから軽すぎる,Eheh. È così leggero senza nulla al suo interno.,"Je, je. Qué poco pesa sin nada dentro."
벌레들아 다 죽어라,DIE you little bugs.,虫、死ね！,MORITE piccoli insetti.,"¡Morid, bichos insignificantes!"
한 포대 더 올려봐 이 정도는 껌이지,Lift one more. It's a piece of cake.,もう一袋乗せていいぞ～。これぐらいチョロいぞ。,Sollevane un altro. È un pezzo di torta.,"Venga, uno más. Que es muy fácil."
동전좀 있어?@음료수 하나만 뽑아줘,Got some coins on you?@Please get me a drink.,小銭ある？@ドリンク買って～。,"Hai delle monete con te?@Per favore, portami da bere.","¿Llevas dinero?@Pídeme algo, anda."
흠....... 미안하지만 그쪽은 제 스타일이 아니에요,"Hm... I'm sorry, but you're not my style.",う～ん…すみません。全然タイプじゃない。,"Mmh... mi dispiace, non sei il mio tipo.","Perdona, pero no eres mi estilo."
머리에 그 이상한 것 좀 벗고 다니세요,Please take that thing off your head.,頭のその変なやつとったらどうですか？,"Per favore, levati quella cosa dalla testa.",Quítate eso de la cabeza.
안사요 안사,Not buying it. No thanks.,買いませんって,Non comprarlo. No grazie.,"No, gracias, pero no."
THE SUN <b>[ 바닷속으로 ]</b>,THE SUN <b>[ Into the sea ]</b>,THE SUN <b>[海の中へ]</b>,IL SOLE <b>[ Nel mare ]</b>,EL SOL <b>[ Al mar ]</b>
WHEEL OF FORTUNE <b>[ 운명 ]</b>,WHEEL OF FORTUNE <b>[ A destiny ]</b>,WHEEL OF FORTUNE <b>[運命]</b>,RUOTA DELLA FORTUNA <b>[ Un destino ]</b>,LA RUEDA DE LA FORTUNA <b>[ Destino ]</b>
THE FOOL <b>[ 광대 ]</b>,THE FOOL <b>[ A clown ]</b>,THE FOOL <b>[ピエロ]</b>,IL MATTO <b>[ Un clown ]</b>,EL LOCO <b>[ Un payaso ]</b>
SIX OF SWORDS <b>[ 여행 ]</b>,SIX OF SWORDS <b>[ A journey ]</b>,SIX OF SWORDS <b>[旅]</b>,SEI DI SPADE <b>[ Un viaggio ]</b>,SEIS DE ESPADAS <b>[ Viaje ]</b>
THE DEVIL <b>[ 지옥 ]</b>,THE DEVIL <b>[ Hell ]</b>,THE DEVIL <b>[地獄]</b>,IL DIAVOLO <b>[ L’inferno ]</b>,EL DIABLO <b>[ Infierno ]</b>
THE TOWER <b>[ 희망 ]</b>,THE TOWER <b>[ Hope ]</b>,THE TOWER <b>[希望]</b>,LA TORRE <b>[ La speranza ]</b>,LA TORRE <b>[ Esperanza ]</b>
ACE OF WAND <b>[ 새로운 시작 ]</b>,ACE OF WAND <b>[ A new beginning ]</b>,ACE OF WAND <b>[新しい始まり]</b>,ASSO DI BASTONI <b>[ Un nuovo inizio ]</b>,AS DE BASTOS <b>[ Un nuevo comienzo ]</b>
죽음은 어디서 너를 기다릴지는 불확실하다.@그러나 어디에서나 그것을 예상하라.,"Death can happen at any time, so be careful at all times.",死がどこで君を待っているかは不確かだ。＠しかし、どこからでも死は君に会いに来ることができる。,"La morte può avvenire in qualsiasi momento, quindi fai sempre attenzione.","Puedes morir en cualquier momento, ten mucho cuidado."
삶이 있는 한 희망이 있다.,"As long as there is life, there is hope. ",残りの人生がある限り希望はある。,"Finché c'è vita, c'è speranza. ","Mientras haya vida, habrá esperanza. "
"있다고 다 보여주 말고, 안다고 다 말하지 말고,@가졌다고 다 빌려주지 말고, 들었다고 다 믿지마라.","Don't show everything you have, don't tell everything you know,@don't lend everything you have, and don't believe everything you hear.",持っているものを全て見せない、知っていることを全て言わない、@持っているからって全て貸さない、聞いたことを全て信じない。,"Non mostrare tutto quello che hai, non dire tutto quello che sai,@non prestare tutto quello che hai e non credere a tutto quello che senti.",No muestres todo lo que tienes; no digas todo lo que sabes;@no prestes todo lo que tienes y no creas todo lo que oyes.
집을 향한 여행.,Journey home,故郷への旅,Viaggio di ritorno a casa,Camino a casa
"너의 선택을 후회하지 마라,@혹은, 후회하지 않도록 만들어라.","Don't regret your choice.@Or, make sure you don't regret it.",君の選択に後悔をするな。＠それとも、後悔しない選択をしろ。,Non rimpiangere la tua scelta.@Oppure fai in modo di non pentirtene.,No te arrepientas de tu decisión.@Asegúrate de no arrepentirte.
믿는 것은 믿지 않는 것보다@훨씬 더 간단한 일이다.,Believing is much simpler than not believing,信じることは、信じないことより@もっと簡単なことだ。,Credere è molto più semplice che non credere,Creer es mucho más sencillo que no creer.
어떻게 시작했는가보다@어떻게 끝낼 것인가.,How it ends rather than how it starts.,如何に始めたかより＠如何に終わらせるかだ。,Come finisce piuttosto che come inizia.,Importa más cómo acaba que cómo empieza.
으으윽...,Ughhh….,うぅっ…,Uhhh….,Ug...
아니 무슨일이야!,What's going on?!,どうした！？,Cosa sta succedendo?!,¿Qué está pasando?
어! 큰일이군,Oh no... I'm busted.,それは大変だ！,Oh no... Sono stato beccato.,Me han pillado...
어서 병원으로 갑시다,Let's go to the hospital,早速病院にいきましょう。,Andiamo in ospedale,Vamos al hospital.
새로운 게임 출시됐네@이 친구들 게임 참 잘 만드네,A new game has been released.@They're really good at making games.,新しいゲームが出たのさ。@この子たち、ゲーム作りが上手なんだよ。,È stato pubblicato un nuovo gioco.@Sono davvero bravi a creare giochi.,Han sacado un nuevo juego.@Son muy buenos en lo que hacen.
